{"metadata":{"asset_id":"b3acbac7-5ac3-4edf-8586-d966346f411f","asset_attributes":["notebook"],"name":"Python Project For Datascience","asset_type":"notebook","created_at":"2022-01-16T13:11:45Z","description":"","origin_country":"us","owner_id":"IBMid-664002P0CZ","project_id":"a6868518-a1f3-4ca7-9dda-cc7670f3f0db","size":4305898,"tags":["notebook"],"usage":{"last_update_time":1642355878596,"last_updated_at":"2022-01-16T17:57:58Z"}},"entity":{"notebook":{"kernel":{"name":"python3","display_name":"Python 3.8","language":"python"},"originates_from":{"type":"blank"},"runtime":{"environment":"conda2py38-a6868518-a1f3-4ca7-9dda-cc7670f3f0db"}}},"attachments":[{"id":"2548cb11-cf06-4ac3-bdb5-8cb68e7ffffe","version":2,"asset_type":"notebook","name":"attachment for notebook b3acbac7-5ac3-4edf-8586-d966346f411f","description":"attachment for notebook b3acbac7-5ac3-4edf-8586-d966346f411f","mime":"application/json","datasource_type":"193a97c1-4475-4a19-b90c-295c4fdc6517","object_key":"notebook/Python_Project_For_Datascience_e-Tkl_oJE.ipynb","creator_id":"IBMid-664002P0CZ","create_time":1642338706514,"size":4305898,"is_remote":false,"is_managed":false,"is_referenced":true,"is_object_key_read_only":false,"is_user_provided_path_key":true,"transfer_complete":true,"is_partitioned":false,"complete_time_ticks":1642338706514,"user_data":{},"test_doc":0,"handle":{"bucket":"analyzinghistoricalstockrevenueda-donotdelete-pr-8yo5gslbkp6umb","location":"us-geo","key":"notebook/Python_Project_For_Datascience_e-Tkl_oJE.ipynb","upload_id":"done","max_part_num":1},"usage":{"access_count":62,"last_accessor_id":"IBMid-664002P0CZ","last_access_time":1642355868988,"last_updater_id":"IBMid-664002P0CZ","last_update_time":1642355868988}}]}
